,team,year,TOTAL FIRST DOWNS,TOTAL FIRST DOWNS Opponent,FIRST DOWNS Rushing,FIRST DOWNS Passing,FIRST DOWNS By Penalty,FIRST DOWNS Rushing Opponent,FIRST DOWNS Passing Opponent,FIRST DOWNS By Penalty Opponent,THIRD DOWN CONVERSIONS,THIRD DOWN CONVERSIONS Opponent,FOURTH DOWN CONVERSIONS,FOURTH DOWN CONVERSIONS Opponent,TOTAL OFFENSIVE YARDS,TOTAL OFFENSIVE YARDS Opponent,OFFENSE Plays,OFFENSE Average Yards,OFFENSE Plays Opponent,OFFENSE Average Yards Opponent,TOTAL RUSHING YARDS,TOTAL RUSHING YARDS Opponent,RUSHING Plays,RUSHING Average Yards,RUSHING Plays Opponent,RUSHING Average Yards Opponent,TOTAL PASSING YARDS,TOTAL PASSING YARDS Opponent,PASSING Comp,PASSING Att,PASSING Int,PASSING Avg,PASSING Comp Opponent,PASSING Att Opponent,PASSING Int Opponent,PASSING Avg Opponent,SACKS,SACKS Opponent,FIELD GOALS,FIELD GOALS Opponent,TOUCHDOWNS,TOUCHDOWNS Opponent,TDs Rushing,TDs Passing,TDs Returns,TDs Defensive,TDs Rushing Opponent,TDs Passing Opponent,TDs Returns Opponent,TDs Defensive Opponent,TURNOVER RATIO,TURNOVER RATIO Opponent
0,azcardinals,2017,310,283,66,200,44,68,187,28,82 / 233,80 / 224,7 / 16,7 / 16,5026,4975,1059,4.8,1007,4.9,1386,1434,409,3.4,406,3.5,3979,3541,339,598,18,6.6,343,564,15,6.3,52,37,32 / 40,26 / 29,28,41,6,21,0,2,12,24,1,4,-4,
0,azcardinals,2018,239,357,76,137,26,139,186,32,58 / 199,78 / 205,6 / 16,8 / 13,3865,5741,902,4.3,1065,5.4,1342,2479,355,3.8,510,4.9,2884,3262,283,495,18,5.8,342,506,7,6.4,52,49,12 / 17,25 / 31,25,50,9,15,0,2,25,21,0,4,-12,
0,azcardinals,2019,314,375,109,176,29,94,243,38,71 / 197,100 / 214,13 / 20,3 / 14,5467,6432,1000,5.5,1080,6,1990,1922,396,5,439,4.4,3797,4510,355,554,12,6.8,421,601,7,7.5,50,40,31 / 35,27 / 32,38,51,18,20,0,0,9,38,1,3,-1,
0,azcardinals,2020,381,363,136,211,34,118,207,38,80 / 202,80 / 202,17 / 25,14 / 21,6153,5631,1083,5.7,1054,5.3,2237,2008,479,4.7,436,4.6,4102,3623,387,575,13,7.1,365,570,11,6.4,29,48,23 / 30,25 / 30,49,42,22,27,0,0,13,26,0,3,0,
0,azcardinals,2021,367,336,127,214,26,109,192,35,100 / 221,79 / 207,17 / 29,14 / 30,6352,5597,1126,5.6,1028,5.4,2076,1952,496,4.2,426,4.6,4619,3645,415,591,11,7.8,367,561,13,6.5,39,41,30 / 37,23 / 28,51,41,23,27,0,2,10,30,0,1,12,
0,azcardinals,2022,326,363,115,189,22,124,218,21,82 / 233,87 / 203,18 / 41,8 / 16,5499,5931,1144,4.8,1075,5.5,1873,2016,434,4.3,446,4.5,3966,3915,433,664,17,6,414,593,11,6.6,46,36,26 / 30,29 / 31,35,52,15,17,0,4,21,29,0,2,-5,
0,atlantafalcons,2017,330,323,101,200,29,97,197,29,88 / 197,75 / 196,4 / 13,13 / 19,5837,5094,984,5.9,994,5.1,1847,1665,430,4.3,402,4.1,4146,3429,343,530,12,7.8,362,553,8,6.2,24,39,34 / 39,28 / 33,34,33,12,21,0,2,9,22,0,2,-2,
0,atlantafalcons,2018,352,375,84,238,30,115,226,34,92 / 203,95 / 195,10 / 19,10 / 13,6226,6152,1010,6.2,1031,6,1573,1999,351,4.5,409,4.9,4949,4153,428,617,7,8,398,585,15,7.1,42,37,25 / 26,22 / 22,48,52,11,36,0,2,16,33,0,3,1,
0,atlantafalcons,2019,383,330,84,258,41,108,192,30,87 / 207,77 / 193,13 / 21,12 / 20,6075,5693,1096,5.5,985,5.8,1361,1775,362,3.8,421,4.2,5049,3918,459,684,15,7.4,351,536,12,7.3,50,28,32 / 40,30 / 34,41,45,10,29,1,1,13,28,0,4,-5,
0,atlantafalcons,2020,366,367,86,243,37,97,239,31,97 / 221,80 / 195,15 / 26,10 / 23,5895,6374,1078,5.5,1034,6.2,1532,1677,409,3.8,380,4.4,4620,4697,408,628,11,7.4,425,625,12,7.5,41,29,38 / 40,24 / 28,41,49,13,27,0,1,15,34,0,0,3,
0,atlantafalcons,2021,306,383,75,196,35,143,214,26,82 / 211,105 / 217,10 / 24,11 / 22,5164,6194,1006,5.1,1114,5.6,1451,2242,393,3.7,519,4.3,3987,3952,377,573,15,7,391,577,12,6.8,40,18,27 / 29,26 / 28,33,54,11,20,0,2,19,31,1,3,-6,
0,atlantafalcons,2022,330,351,152,148,30,136,200,15,82 / 196,101 / 220,9 / 18,7 / 17,5417,6156,1011,5.4,1082,5.7,2718,2214,559,4.9,500,4.4,2927,3942,257,415,9,7,372,561,10,7,37,21,32 / 37,33 / 38,38,41,17,17,1,2,15,26,0,0,-4,
0,baltimoreravens,2017,311,296,111,168,32,87,179,30,76 / 223,82 / 222,10 / 16,6 / 16,4886,5201,1054,4.6,1045,5,1856,1780,460,4,435,4.1,3235,3421,363,567,13,5.7,333,569,22,6,27,41,34 / 37,28 / 33,40,32,14,20,2,5,12,18,0,2,17,
0,baltimoreravens,2018,367,286,153,184,30,82,174,30,104 / 231,72 / 211,13 / 22,10 / 20,5999,4687,1135,5.3,974,4.8,2441,1327,547,4.5,354,3.8,3708,3360,334,556,9,6.7,337,577,12,5.8,32,43,35 / 39,20 / 26,38,33,19,18,1,3,11,21,0,1,-3,
0,baltimoreravens,2019,386,276,188,171,27,74,163,39,88 / 187,72 / 194,17 / 24,6 / 18,6521,4809,1064,6.1,921,5.2,3296,1494,596,5.5,340,4.4,3350,3315,289,440,8,7.6,318,544,13,6.1,28,37,28 / 29,27 / 31,60,28,21,37,0,5,12,15,1,0,10,
0,baltimoreravens,2020,327,347,166,142,19,96,213,38,101 / 207,65 / 191,12 / 19,16 / 35,5810,5276,993,5.8,1017,5.2,3071,1740,555,5.5,382,4.6,2919,3536,257,406,11,7.2,380,596,10,5.9,32,39,26 / 29,16 / 24,52,37,24,27,1,3,12,22,0,3,4,
0,baltimoreravens,2021,394,340,159,209,26,81,232,27,82 / 225,70 / 201,18 / 27,11 / 18,6440,6178,1185,5.4,1033,6,2479,1436,517,4.8,378,3.8,4267,4742,396,611,18,7,397,621,9,7.6,57,34,35 / 37,21 / 28,41,48,18,21,0,1,13,31,1,3,-11,
0,baltimoreravens,2022,337,323,167,149,21,91,206,26,91 / 218,73 / 209,8 / 20,15 / 24,5760,5513,1052,5.5,1047,5.3,2720,1566,526,5.2,406,3.9,3202,3947,300,488,13,6.6,394,593,14,6.7,38,48,37 / 43,31 / 38,34,32,14,19,1,0,11,20,0,1,4,
0,buffalobills,2017,278,348,105,149,24,121,199,28,101 / 241,82 / 214,2 / 15,11 / 20,4842,5682,1010,4.8,1066,5.3,2017,1994,487,4.1,466,4.3,3086,3688,289,476,10,6.5,370,573,18,6.4,47,27,29 / 33,32 / 35,29,38,12,16,0,3,22,14,0,2,9,
0,buffalobills,2018,283,293,108,137,38,111,157,25,68 / 215,74 / 203,7 / 18,6 / 11,4778,4706,1008,4.7,968,4.9,1984,1839,468,4.2,440,4.2,3082,2867,271,499,23,6.2,313,492,16,5.8,41,36,22 / 28,24 / 27,29,44,15,13,0,0,17,22,0,5,-5,
0,buffalobills,2019,314,295,120,162,32,93,169,33,76 / 212,76 / 212,8 / 18,8 / 21,5283,4772,1018,5.2,985,4.8,2054,1649,465,4.4,388,4.2,3476,3123,299,513,12,6.8,348,553,14,5.6,40,44,22 / 28,16 / 26,35,29,13,21,1,0,12,15,1,1,4,
0,buffalobills,2020,397,351,119,240,38,125,199,27,93 / 187,76 / 191,8 / 10,11 / 19,6343,5640,1034,6.1,1025,5.5,1723,1914,411,4.2,414,4.6,4786,3726,410,596,11,8,369,573,15,6.5,27,38,28 / 34,23 / 25,59,44,16,40,1,3,21,23,0,0,4,
0,buffalobills,2021,398,285,134,236,28,108,138,39,103 / 222,66 / 214,11 / 22,16 / 35,6493,4637,1143,5.7,1014,4.6,2209,1866,461,4.8,442,4.2,4450,2771,415,655,16,6.8,297,530,19,5.2,27,42,28 / 32,21 / 23,57,31,20,36,0,1,19,12,0,0,8,
0,buffalobills,2022,367,313,128,212,27,103,181,29,97 / 193,78 / 208,7 / 13,19 / 33,6361,5106,1037,6.1,997,5.1,2232,1673,430,5.2,387,4.3,4291,3433,361,574,14,7.5,362,570,17,6,33,40,27 / 31,21 / 28,53,32,15,35,2,1,10,21,0,1,0,
0,panthers,2017,320,282,121,167,32,69,187,26,93 / 222,78 / 206,5 / 11,7 / 20,5179,5074,1026,5,953,5.3,2102,1409,490,4.3,353,4,3319,3665,293,501,16,6.6,351,550,10,6.7,35,50,29 / 30,29 / 34,39,34,15,22,2,1,7,25,0,2,-1,
0,panthers,2018,356,315,117,212,27,110,185,20,77 / 185,73 / 183,9 / 19,10 / 17,5972,5651,1011,5.9,948,6,2136,1804,416,5.1,384,4.7,4071,3847,378,563,16,7.2,353,529,13,7.3,32,35,19 / 21,20 / 23,45,46,17,28,0,0,13,32,0,1,0,
0,panthers,2019,335,355,82,230,23,128,197,30,66 / 207,77 / 193,12 / 24,6 / 9,5469,5992,1077,5.1,1042,5.8,1819,2296,386,4.7,445,5.2,4134,3696,382,633,21,6.5,347,544,14,6.8,58,53,25 / 32,27 / 35,37,56,20,17,0,1,31,21,3,1,-14,
0,panthers,2020,335,360,110,192,33,114,211,35,76 / 195,98 / 199,15 / 27,6 / 10,5592,5761,993,5.6,1022,5.6,1704,1936,407,4.2,408,4.8,4129,3825,373,550,16,7.5,398,585,7,6.5,36,29,29 / 36,29 / 31,35,46,19,16,0,2,17,28,1,0,1,
0,panthers,2021,322,311,118,174,30,112,170,29,84 / 235,82 / 217,14 / 34,12 / 21,5081,5201,1106,4.6,1028,5.1,1842,1935,455,4,474,4.1,3573,3266,348,599,21,6,337,515,9,6.3,52,39,26 / 29,32 / 37,32,44,17,14,0,0,16,26,0,2,-13,
0,panthers,2022,281,346,119,138,24,125,194,27,64 / 202,95 / 231,12 / 21,8 / 18,5206,5953,976,5.3,1103,5.4,2210,2085,483,4.6,488,4.3,3246,3868,267,457,13,7.1,383,580,10,6.7,36,35,33 / 35,24 / 33,35,44,16,16,0,3,17,25,0,2,-4,
0,chicagobears,2017,267,298,93,144,30,85,180,33,71 / 205,86 / 219,7 / 18,6 / 11,4599,5106,934,4.9,1003,5.1,1788,1730,422,4.2,432,4,3085,3376,291,473,12,6.5,343,529,8,6.4,39,42,16 / 22,29 / 32,30,33,13,13,2,3,10,18,2,3,0,
0,chicagobears,2018,331,278,108,177,46,67,186,25,82 / 200,75 / 219,9 / 15,16 / 28,5502,4795,1013,5.4,1004,4.8,1938,1280,468,4.1,339,3.8,3747,3515,344,512,14,7.3,377,615,27,5.7,33,50,23 / 30,25 / 26,49,29,16,28,0,6,5,22,1,1,12,
0,chicagobears,2019,297,306,85,178,34,86,190,30,77 / 216,76 / 209,7 / 21,13 / 23,4749,5186,1020,4.7,1017,5.1,1458,1632,395,3.7,414,3.9,3573,3554,371,580,12,6.2,362,571,10,6.2,45,32,23 / 28,23 / 30,30,33,8,20,1,1,16,17,0,0,0,
0,chicagobears,2020,335,331,93,218,24,104,190,37,71 / 205,80 / 210,17 / 28,13 / 22,5302,5519,1043,5.1,1020,5.4,1647,1814,393,4.2,438,4.1,3925,3705,402,614,16,6.4,350,547,10,6.8,36,35,30 / 32,29 / 35,39,41,12,26,1,1,11,28,0,2,-4,
0,chicagobears,2021,333,321,119,180,34,116,170,35,75 / 216,81 / 211,15 / 36,12 / 24,5225,5384,1075,4.9,1009,5.3,2018,2127,475,4.2,483,4.4,3635,3257,332,542,20,6.7,314,477,8,6.8,58,49,26 / 30,27 / 30,32,47,14,16,1,1,14,31,0,2,-13,
0,chicagobears,2022,278,361,148,109,21,151,184,26,90 / 220,100 / 204,8 / 25,6 / 15,5233,6390,993,5.3,1043,6.1,3014,2674,558,5.4,542,4.9,2598,3716,223,377,15,6.9,323,481,14,7.7,58,20,25 / 27,21 / 29,37,56,18,19,0,0,31,22,1,2,-2,
0,bengals,2017,267,325,72,165,30,111,173,41,67 / 199,98 / 241,5 / 12,9 / 19,4488,5425,927,4.8,1091,5,1366,2046,377,3.6,489,4.2,3386,3379,304,510,12,6.6,336,561,11,6,40,41,18 / 20,35 / 40,34,35,6,25,0,3,13,20,1,1,-10,
0,bengals,2018,304,372,92,182,30,125,221,26,69 / 187,109 / 223,9 / 17,11 / 17,4972,6618,938,5.3,1084,6.1,1682,2204,359,4.7,466,4.7,3569,4414,331,542,13,6.6,389,584,12,7.6,37,34,19 / 23,33 / 36,43,51,13,27,0,5,17,32,1,1,1,
0,bengals,2019,312,328,85,191,36,124,183,21,80 / 222,89 / 209,13 / 26,5 / 10,5169,6299,1049,4.9,1034,6.1,1517,2382,385,3.9,504,4.7,3994,3917,356,616,16,6.5,308,499,11,7.8,48,31,27 / 31,30 / 34,28,47,9,18,1,0,17,25,0,5,-14,
0,bengals,2020,318,343,92,201,25,126,192,25,77 / 213,91 / 210,19 / 27,10 / 16,5116,6227,1040,4.9,1021,6.1,1668,2368,411,4.1,463,5.1,3793,3859,372,581,11,6.5,340,541,11,7.1,48,17,27 / 34,33 / 38,33,47,13,19,1,0,13,32,0,2,-7,
0,bengals,2021,337,339,96,208,33,107,213,19,82 / 207,92 / 221,13 / 20,7 / 18,6145,5964,1046,5.9,1075,5.6,1742,1742,436,4,407,4.3,4806,4222,384,555,14,8.7,420,626,13,6.7,55,42,29 / 34,23 / 31,53,44,16,36,0,2,15,26,0,3,0,
0,bengals,2022,357,295,96,221,40,102,173,20,95 / 206,84 / 212,3 / 12,9 / 23,5768,5371,1053,5.5,996,5.4,1528,1706,399,3.8,407,4.2,4520,3665,418,610,12,7.4,329,559,13,6.6,44,30,24 / 29,34 / 40,49,32,14,35,0,1,12,17,0,3,6,
0,clevelandbrowns,2017,,,,,,,,,,,,,,,,,,,,,,,,,,,,,,,,,,,,,,,,,,,,,,,,,,
0,clevelandbrowns,2018,,,,,,,,,,,,,,,,,,,,,,,,,,,,,,,,,,,,,,,,,,,,,,,,,,
0,clevelandbrowns,2019,,,,,,,,,,,,,,,,,,,,,,,,,,,,,,,,,,,,,,,,,,,,,,,,,,
0,clevelandbrowns,2020,,,,,,,,,,,,,,,,,,,,,,,,,,,,,,,,,,,,,,,,,,,,,,,,,,
0,clevelandbrowns,2021,,,,,,,,,,,,,,,,,,,,,,,,,,,,,,,,,,,,,,,,,,,,,,,,,,
0,clevelandbrowns,2022,,,,,,,,,,,,,,,,,,,,,,,,,,,,,,,,,,,,,,,,,,,,,,,,,,
0,dallascowboys,2017,314,312,127,162,25,96,181,35,87 / 203,90 / 210,10 / 19,4 / 13,5311,5089,1005,5.3,1000,5.1,2170,1664,480,4.5,403,4.1,3326,3425,309,493,13,6.8,371,559,10,6.1,32,38,22 / 29,19 / 25,42,40,18,22,1,1,7,28,0,5,-2,
0,dallascowboys,2018,322,309,113,184,25,89,193,27,89 / 215,85 / 201,12 / 21,6 / 14,5501,5268,1022,5.4,981,5.4,1963,1513,439,4.5,400,3.8,3885,3755,356,527,8,7.4,367,542,9,6.9,56,39,29 / 36,27 / 30,35,35,13,22,0,1,12,22,0,1,3,
0,dallascowboys,2019,379,327,120,229,30,101,188,38,96 / 204,67 / 201,7 / 16,10 / 22,6904,5232,1069,6.5,1015,5.2,2153,1656,449,4.8,407,4.1,4902,3576,388,597,11,8.2,370,569,7,6.3,23,39,30 / 40,26 / 32,48,35,18,30,0,1,14,21,0,0,-1,
0,dallascowboys,2020,371,359,115,231,25,142,180,37,87 / 215,98 / 209,17 / 31,10 / 21,5949,6183,1113,5.4,1054,5.9,1788,2541,430,4.2,510,5,4511,3642,413,639,13,7.1,328,513,10,7.1,44,31,34 / 41,24 / 27,40,57,14,25,1,2,20,34,0,3,-4,
0,dallascowboys,2021,390,327,111,248,31,99,191,37,99 / 228,76 / 223,14 / 24,16 / 26,6919,5967,1153,6,1082,5.5,2119,1918,473,4.5,429,4.5,4963,4049,444,647,11,7.7,364,612,26,6.6,33,41,29 / 35,29 / 35,63,39,15,40,1,6,13,24,0,2,14,
0,dallascowboys,2022,347,327,129,194,24,119,174,34,105 / 231,87 / 231,10 / 19,12 / 22,6034,5613,1114,5.4,1101,5.1,2298,2198,531,4.3,497,4.4,3911,3415,355,556,18,7,345,550,16,6.2,27,54,29 / 32,34 / 40,52,35,24,28,0,3,9,23,0,3,10,
0,denverbroncos,2017,297,266,92,180,25,68,166,32,94 / 241,66 / 209,7 / 20,7 / 21,5185,4640,1075,4.8,952,4.9,1852,1430,457,4,428,3.3,3668,3210,332,566,22,6.5,294,491,10,6.5,52,33,24 / 32,24 / 27,29,44,8,19,0,4,9,29,2,4,-17,
0,denverbroncos,2018,320,318,107,181,32,85,197,36,69 / 207,82 / 211,15 / 25,6 / 11,5602,5842,1015,5.5,1022,5.7,1907,1913,393,4.8,429,4.5,3930,3929,367,588,15,6.7,353,549,17,7.2,34,44,20 / 25,26 / 31,39,39,18,19,0,2,11,26,1,1,6,
0,denverbroncos,2019,279,305,77,162,40,96,175,34,64 / 202,79 / 211,11 / 16,9 / 19,4777,5392,954,5,1003,5.4,1662,1783,409,4.1,426,4.2,3401,3609,312,504,10,6.8,348,537,10,6.7,41,40,29 / 34,34 / 39,27,31,11,16,0,1,9,19,2,1,0,
0,denverbroncos,2020,308,333,94,176,38,106,201,26,82 / 212,88 / 219,4 / 15,7 / 14,5369,5887,1030,5.2,1043,5.6,1918,2080,442,4.3,434,4.8,3673,3807,317,556,23,6.6,374,567,10,6.7,32,42,28 / 35,39 / 42,35,47,13,21,1,0,22,21,1,3,-16,
0,denverbroncos,2021,331,312,124,179,28,99,192,21,82 / 213,101 / 225,16 / 28,11 / 26,5618,5544,1036,5.4,1039,5.3,2025,1892,455,4.4,441,4.3,3856,3652,354,541,9,7.1,341,562,13,6.5,40,36,26 / 31,24 / 31,37,36,16,20,0,1,9,22,2,3,1,
0,denverbroncos,2022,300,324,105,166,29,109,180,35,67 / 230,75 / 220,12 / 24,9 / 14,5527,5440,1078,5.1,1079,5,1935,1866,444,4.4,438,4.3,4007,3574,345,571,15,7,392,605,15,5.9,63,36,28 / 36,39 / 41,29,35,11,18,0,0,12,20,0,3,-1,
0,detroitlions,2017,296,350,58,210,28,110,205,35,81 / 209,74 / 194,1 / 9,8 / 15,5404,5692,980,5.5,1037,5.5,1221,1800,363,3.4,432,4.2,4470,3892,374,570,11,7.8,366,570,19,6.8,47,35,30 / 35,23 / 29,44,44,10,29,2,5,18,21,0,5,10,
0,detroitlions,2018,325,315,91,201,33,88,191,36,75 / 208,69 / 186,11 / 18,9 / 17,5236,5360,1019,5.1,942,5.7,1660,1761,404,4.1,403,4.4,3844,3599,375,574,12,6.7,323,496,7,7.3,41,43,28 / 32,19 / 28,35,44,11,22,0,2,11,29,1,3,-5,
0,detroitlions,2019,313,365,82,196,35,94,232,39,90 / 220,94 / 214,5 / 13,7 / 15,5549,6406,1021,5.4,1094,5.9,1649,1855,407,4,455,4.1,4187,4551,344,571,15,7.3,381,611,7,7.4,43,28,26 / 31,27 / 34,37,49,7,28,2,1,13,33,1,2,-5,
0,detroitlions,2020,350,415,93,220,37,127,253,35,79 / 192,91 / 193,10 / 20,11 / 18,5586,6733,986,5.7,1073,6.3,1499,2158,367,4.1,487,4.4,4397,4558,374,582,13,7.6,383,557,7,8.2,42,24,21 / 28,16 / 20,45,68,17,27,1,0,27,38,0,3,-9,
0,detroitlions,2021,329,372,104,193,32,135,211,26,74 / 213,92 / 204,21 / 41,9 / 14,5484,6456,1056,5.2,1092,5.9,1886,2296,427,4.4,518,4.4,3884,4160,396,593,14,6.6,359,544,11,7.6,36,30,26 / 30,36 / 41,35,52,12,23,0,0,19,31,0,2,-4,
0,detroitlions,2022,376,377,114,228,34,135,209,33,86 / 211,92 / 204,20 / 37,15 / 27,6460,6670,1092,5.9,1076,6.2,2179,2491,480,4.5,477,5.2,4444,4179,383,588,7,7.6,353,560,12,7.5,24,39,24 / 30,25 / 30,54,51,23,29,1,1,22,26,0,3,7,
0,packers,2017,307,331,99,176,32,95,211,25,83 / 211,89 / 208,15 / 28,8 / 10,4891,5582,999,4.9,1014,5.5,1724,1793,386,4.5,464,3.9,3532,3789,352,562,18,6.3,348,513,11,7.4,51,37,15 / 19,30 / 33,39,42,13,25,0,2,10,30,0,2,-4,
0,packers,2018,332,331,98,208,26,100,199,32,75 / 204,79 / 212,10 / 20,12 / 18,5905,5670,1026,5.8,1017,5.6,1667,1918,333,5,446,4.3,4629,3752,392,640,4,7.2,336,527,7,7.1,53,44,30 / 37,23 / 31,41,47,14,25,0,1,15,30,1,1,0,
0,packers,2019,320,310,90,190,40,99,191,20,73 / 203,75 / 197,7 / 14,8 / 18,5528,5642,1020,5.4,998,5.6,1795,1921,411,4.4,411,4.7,4017,3721,356,573,4,7,326,546,17,6.8,36,41,22 / 24,27 / 32,44,34,18,26,0,0,15,19,0,0,11,
0,packers,2020,358,332,114,216,28,119,184,29,89 / 180,73 / 185,13 / 21,14 / 24,6224,5344,990,6.3,974,5.5,2118,1805,443,4.8,397,4.6,4299,3539,372,526,5,8.2,346,536,11,6.6,21,41,16 / 16,24 / 27,65,42,16,48,0,2,16,23,2,1,7,
0,packers,2021,375,337,109,235,31,120,194,23,88 / 202,87 / 203,13 / 22,15 / 33,6215,5579,1072,5.8,1037,5.4,1900,1855,446,4.3,395,4.7,4526,3724,402,593,7,7.6,379,603,18,6.2,33,39,25 / 34,19 / 22,54,45,13,39,0,2,13,31,1,0,13,
0,packers,2022,334,321,116,186,32,129,163,29,79 / 200,73 / 194,12 / 31,11 / 19,5745,5721,1051,5.5,991,5.8,2113,2372,456,4.6,479,5,3890,3349,364,563,12,6.9,314,478,17,7,32,34,25 / 29,27 / 34,42,41,12,27,1,2,18,22,0,1,2,
0,houstontexans,2017,313,301,86,180,47,88,176,37,76 / 209,71 / 201,5 / 10,5 / 8,5120,5546,1027,5,973,5.7,1842,1747,448,4.1,440,4,3644,3799,299,525,17,6.9,321,501,11,7.6,54,32,20 / 25,33 / 35,38,48,8,28,0,4,14,30,1,3,-12,
0,houstontexans,2018,333,298,94,202,37,76,200,22,77 / 208,91 / 227,8 / 12,12 / 20,5802,5490,1040,5.6,1022,5.4,2021,1323,472,4.3,385,3.4,4165,4167,345,506,9,8.2,385,594,15,7,62,43,37 / 42,23 / 26,41,36,12,26,0,4,8,28,0,0,13,
0,houstontexans,2019,346,346,112,203,31,98,220,28,84 / 193,98 / 202,13 / 25,7 / 16,5792,6213,1017,5.7,1020,6.1,2009,1937,434,4.6,403,4.8,4083,4276,355,534,14,7.6,375,586,12,7.3,49,31,20 / 25,21 / 26,46,46,17,27,0,2,12,33,0,1,0,
0,houstontexans,2020,326,390,83,222,21,145,222,23,83 / 193,96 / 202,9 / 16,11 / 21,6004,6668,940,6.4,1068,6.2,1466,2564,344,4.3,493,5.2,4843,4104,383,546,7,8.9,377,541,3,7.6,50,34,27 / 31,25 / 31,44,55,10,33,0,1,24,30,0,1,-9,
0,houstontexans,2021,266,382,77,162,27,135,218,29,95 / 239,89 / 206,9 / 21,11 / 19,4727,6535,1010,4.7,1101,5.9,1422,2418,420,3.4,523,4.6,3630,4117,354,546,15,6.6,363,546,17,7.5,44,32,21 / 27,28 / 32,31,53,8,21,1,1,25,27,0,1,3,
0,houstontexans,2022,277,372,90,159,28,150,196,26,67 / 221,86 / 221,13 / 26,13 / 21,4820,6452,1015,4.8,1134,5.7,1476,2894,398,3.7,573,5,3642,3558,352,579,19,6.3,336,522,16,6.8,38,39,29 / 31,28 / 32,29,48,7,20,0,1,25,15,1,7,-2,
0,colts,2017,267,324,94,148,25,99,192,33,87 / 228,97 / 217,8 / 17,7 / 14,4553,5873,994,4.6,1026,5.7,1661,1927,451,3.7,488,4,3226,3946,285,487,9,6.6,320,513,13,7.7,56,25,29 / 34,31 / 37,25,44,11,13,0,1,15,23,0,6,5,
0,colts,2018,371,315,96,237,38,87,203,25,104 / 214,82 / 200,7 / 15,7 / 15,6179,5431,1070,5.8,995,5.5,1718,1626,408,4.2,415,3.9,4595,3805,432,644,15,7.1,384,542,15,7,18,38,23 / 27,28 / 33,52,37,13,39,0,0,12,21,0,4,2,
0,colts,2019,340,323,131,165,44,93,207,23,86 / 207,85 / 199,14 / 24,8 / 19,5238,5549,1016,5.2,986,5.6,2130,1567,471,4.5,383,4.1,3314,3982,307,513,10,6.5,394,562,15,7.1,32,41,22 / 31,29 / 31,42,40,17,22,2,1,8,29,0,3,2,
0,colts,2020,364,329,129,201,34,94,203,32,78 / 197,86 / 203,16 / 26,6 / 14,6049,5314,1032,5.9,992,5.4,1996,1448,459,4.4,390,3.7,4186,3866,371,552,11,7.6,369,562,15,6.9,21,40,32 / 37,19 / 23,50,43,20,24,1,4,16,24,1,2,10,
0,colts,2021,354,334,154,167,33,101,213,20,86 / 210,85 / 210,18 / 29,12 / 21,5901,5834,1052,5.6,1050,5.6,2540,1854,499,5.1,420,4.4,3588,3980,324,521,8,6.9,390,597,19,6.7,32,33,29 / 35,22 / 27,51,43,22,27,0,0,10,32,0,1,14,
0,colts,2022,310,344,91,193,26,127,184,33,75 / 228,85 / 224,12 / 26,13 / 25,5298,5678,1103,4.8,1092,5.2,1866,2109,439,4.2,511,4.1,3854,3569,398,604,20,6.4,365,537,10,6.6,60,44,32 / 39,26 / 28,28,50,8,17,0,2,20,25,0,5,-13,
0,jaguars,2017,332,257,101,193,38,91,143,23,85 / 227,74 / 220,10 / 13,6 / 13,5855,4578,1078,5.4,993,4.6,2262,1860,527,4.3,429,4.3,3716,2718,316,527,13,7,289,509,21,5.3,24,55,30 / 35,22 / 24,42,28,18,21,1,7,9,17,1,1,10,
0,jaguars,2018,277,288,92,164,21,89,162,37,93 / 230,80 / 212,8 / 17,3 / 12,4832,4983,1005,4.8,970,5.1,1723,1870,416,4.1,434,4.3,3431,3113,329,536,13,6.4,312,499,11,6.2,53,37,23 / 26,27 / 31,25,34,7,15,1,2,16,17,0,1,-12,
0,jaguars,2019,298,340,85,183,30,114,193,33,76 / 220,79 / 190,12 / 25,5 / 11,5468,6007,1020,5.4,999,6,1708,2229,389,4.4,435,5.1,4023,3778,364,589,8,6.8,327,517,10,7.3,42,47,33 / 34,22 / 27,28,47,3,24,0,2,23,22,0,2,-1,
0,jaguars,2020,310,394,80,205,25,140,210,44,84 / 207,86 / 198,7 / 26,12 / 18,5218,6683,997,5.2,1068,6.3,1519,2452,337,4.5,517,4.7,3955,4231,387,616,16,6.4,370,533,12,7.9,44,18,18 / 25,31 / 39,37,57,9,25,1,1,23,34,0,0,-8,
0,jaguars,2021,304,351,92,178,34,124,198,29,76 / 212,95 / 221,18 / 31,14 / 21,5191,6002,1028,5,1068,5.6,1755,2127,392,4.5,493,4.3,3674,3875,361,604,17,6.1,377,543,7,7.1,32,32,21 / 27,32 / 36,28,51,13,12,1,0,22,24,3,2,-20,
0,jaguars,2022,352,350,114,208,30,114,211,25,90 / 215,95 / 220,14 / 27,10 / 31,6075,6006,1072,5.7,1106,5.4,2116,1951,448,4.7,470,4.2,4148,4055,394,596,9,7,385,601,14,6.8,28,35,30 / 35,26 / 27,43,39,16,25,0,4,14,25,0,0,5,
0,chiefs,2017,322,352,95,198,29,112,204,36,78 / 199,83 / 207,3 / 10,9 / 17,6007,5842,985,6.1,1044,5.6,1903,1890,405,4.7,443,4.3,4326,3952,363,543,8,8,325,570,16,6.9,37,31,41 / 45,22 / 27,39,39,12,26,1,3,15,23,0,1,15,
0,chiefs,2018,384,419,108,239,37,129,247,43,83 / 176,80 / 193,12 / 15,18 / 27,6810,6488,996,6.8,1109,5.8,1855,2114,387,4.8,425,5,5126,4374,385,583,12,8.8,406,632,15,6.9,26,52,24 / 27,22 / 26,70,51,16,50,1,4,19,30,0,2,9,
0,chiefs,2019,350,344,93,211,46,115,190,39,89 / 187,75 / 202,6 / 10,16 / 31,6067,5594,976,6.2,1043,5.4,1569,2051,375,4.2,416,4.9,4690,3543,378,576,5,8.1,352,582,16,6.1,25,45,34 / 38,21 / 26,48,36,16,30,1,3,14,21,0,1,8,
0,chiefs,2020,397,353,110,255,32,113,202,38,95 / 194,77 / 188,9 / 16,13 / 20,6653,5733,1057,6.3,1022,5.6,1799,1954,403,4.5,433,4.5,5005,3779,420,630,7,7.9,349,557,16,6.8,24,32,25 / 27,18 / 26,57,44,13,40,2,2,14,29,1,0,6,
0,chiefs,2021,419,363,119,267,33,121,209,33,107 / 205,80 / 199,10 / 15,19 / 31,6746,6272,1134,6,1060,5.9,1955,1999,431,4.5,419,4.8,4937,4273,448,675,13,7.3,401,610,15,7,28,31,28 / 32,20 / 24,55,44,16,37,0,4,15,27,0,2,4,
0,chiefs,2022,408,337,105,272,31,102,207,28,94 / 193,85 / 222,9 / 12,20 / 35,7032,5579,1094,6.4,1093,5.1,1970,1823,417,4.7,419,4.4,5250,3756,435,651,12,8.1,408,619,11,6.1,26,55,21 / 28,23 / 25,61,43,18,41,0,2,10,33,0,0,-3,
0,raiders,2017,287,304,78,178,31,93,187,24,82 / 204,88 / 215,8 / 24,7 / 10,5185,5601,952,5.4,994,5.6,1554,1743,370,4.2,433,4,3761,3858,347,558,14,6.7,361,530,5,7.3,24,31,16 / 21,34 / 40,36,39,13,23,0,0,11,24,0,4,-14,
0,raiders,2018,300,317,86,197,17,108,178,31,73 / 197,93 / 201,7 / 16,8 / 12,5379,6102,995,5.4,973,6.3,1628,2249,387,4.2,480,4.7,4057,3853,382,556,10,7.3,299,480,14,8,52,13,27 / 32,25 / 30,30,56,9,19,1,1,16,36,1,3,-7,
0,raiders,2019,315,344,104,194,17,91,201,52,88 / 201,81 / 190,11 / 19,9 / 13,5819,5677,989,5.9,963,5.9,1893,1570,437,4.3,405,3.9,4110,4107,367,523,8,7.9,337,526,9,7.8,29,32,19 / 26,20 / 26,37,51,13,22,0,2,15,33,0,3,-2,
0,raiders,2020,359,381,121,206,32,114,223,44,91 / 198,100 / 205,16 / 21,14 / 17,6133,6225,1036,5.9,1039,6,1916,2013,457,4.2,438,4.6,4383,4212,369,551,10,8,370,580,10,7.3,28,21,33 / 35,32 / 39,48,55,20,28,0,0,24,28,0,3,-11,
0,raiders,2021,349,349,95,217,37,109,202,38,77 / 206,91 / 230,12 / 19,21 / 29,6184,5732,1082,5.7,1103,5.2,1617,1943,414,3.9,462,4.2,4808,3789,429,628,14,7.7,400,606,6,6.2,40,35,40 / 43,27 / 33,37,51,14,23,0,0,18,29,1,3,-9,
0,raiders,2022,343,360,122,193,28,126,206,28,83 / 208,86 / 206,13 / 24,11 / 20,5993,6216,1049,5.7,1077,5.8,2059,2087,428,4.8,460,4.5,4182,4129,359,586,17,7.1,399,590,6,7,35,27,34 / 37,28 / 40,41,48,12,28,0,3,20,25,0,3,-8,
0,chargers,2017,337,282,84,220,33,99,153,30,84 / 209,86 / 221,5 / 11,6 / 20,6026,5254,1020,5.9,997,5.3,1595,2098,419,3.8,430,4.9,4551,3156,366,583,11,7.8,329,524,18,6,18,43,20 / 30,23 / 27,42,29,10,28,1,3,11,17,0,1,12,
0,chargers,2018,338,311,100,213,25,101,178,32,70 / 177,79 / 202,7 / 8,11 / 20,5962,5339,945,6.3,981,5.4,1873,1693,399,4.7,395,4.3,4316,3646,348,512,12,8.4,351,548,13,6.6,34,38,24 / 29,23 / 30,50,37,16,32,1,2,11,23,1,2,1,
0,chargers,2019,349,285,90,220,39,101,156,28,86 / 194,88 / 195,10 / 18,8 / 13,5879,5009,997,5.9,923,5.4,1453,1805,366,4,429,4.2,4648,3204,394,597,20,7.8,328,464,11,6.9,34,30,26 / 34,23 / 33,37,40,12,24,1,0,15,21,1,3,-17,
0,chargers,2020,373,324,111,226,36,112,186,26,99 / 224,89 / 204,12 / 25,10 / 15,6113,5495,1127,5.4,997,5.5,1784,1917,466,3.8,427,4.5,4548,3578,413,627,10,7.2,340,543,12,6.6,34,27,24 / 33,28 / 32,45,47,12,31,0,2,17,29,1,0,3,
0,chargers,2021,401,383,112,256,33,144,199,40,100 / 221,107 / 216,22 / 34,7 / 22,6634,6122,1128,5.9,1103,5.6,1834,2361,423,4.3,509,4.6,5014,3761,443,674,15,7.4,357,559,11,6.7,31,35,24 / 27,32 / 35,57,52,18,38,1,1,22,27,0,3,-1,
0,chargers,2022,352,318,93,232,27,119,175,24,112 / 257,78 / 199,15 / 29,6 / 15,6108,5884,1154,5.3,1002,5.9,1524,2478,404,3.8,457,5.4,4791,3406,485,711,10,6.7,310,505,14,6.7,39,40,31 / 33,28 / 35,42,43,15,26,0,1,17,24,0,2,5,
0,therams,2017,311,300,97,185,29,86,181,33,88 / 214,86 / 227,5 / 12,9 / 15,5784,5432,1000,5.8,1020,5.3,1953,1957,454,4.3,417,4.7,4023,3475,320,518,7,7.8,324,555,18,6.3,28,48,40 / 43,23 / 34,51,38,17,28,1,3,15,21,0,2,7,
0,therams,2018,401,322,134,236,31,101,185,36,86 / 191,70 / 188,6 / 15,9 / 15,6738,5737,1060,6.4,960,6,2231,1957,459,4.9,386,5.1,4730,3780,368,568,12,8.3,347,533,18,7.1,33,41,34 / 41,25 / 28,59,44,23,32,0,4,12,31,0,1,11,
0,therams,2019,342,324,92,222,28,100,194,30,83 / 208,86 / 218,3 / 13,14 / 24,5998,5434,1055,5.7,1056,5.2,1499,1809,401,3.7,444,4.1,4669,3625,397,632,17,7.4,348,562,13,6.4,22,50,24 / 33,24 / 30,44,42,20,22,0,3,15,23,0,4,0,
0,therams,2020,352,280,123,206,23,91,170,19,98 / 226,74 / 209,8 / 17,9 / 21,6032,4511,1088,5.5,989,4.6,2018,1460,473,4.3,388,3.8,4183,3051,392,590,14,7.1,347,548,14,5.6,25,53,24 / 30,22 / 26,42,33,19,20,0,4,12,17,1,3,-3,
0,therams,2021,355,347,99,233,23,111,214,22,90 / 205,92 / 223,10 / 19,17 / 32,6325,5863,1058,6,1118,5.2,1683,1754,420,4,443,4,4893,4109,406,607,18,8.1,416,625,19,6.6,31,50,32 / 34,30 / 34,52,40,10,41,1,0,18,17,0,5,2,
0,therams,2022,293,331,89,181,23,106,203,22,83 / 211,84 / 208,15 / 19,13 / 20,4769,5798,1001,4.8,1049,5.5,1661,1956,411,4,455,4.3,3506,3842,347,531,15,6.6,375,556,16,6.9,59,38,28 / 30,36 / 40,32,38,15,16,0,1,12,23,0,3,-1,
0,miamidolphins,2017,284,319,66,187,31,88,190,41,64 / 202,75 / 203,7 / 24,2 / 8,4923,5371,995,5,989,5.4,1388,1768,360,3.9,431,4.1,3792,3603,373,602,21,6.3,339,528,9,6.8,33,30,21 / 23,27 / 35,29,45,4,24,0,3,14,26,0,5,-14,
0,miamidolphins,2018,252,350,75,153,24,116,195,39,56 / 186,84 / 196,8 / 13,6 / 15,4638,6257,878,5.3,1024,6.1,1738,2325,371,4.7,485,4.8,3309,3932,292,455,13,7.3,335,508,21,7.7,52,31,18 / 20,24 / 32,38,52,7,26,2,3,17,31,1,3,5,
0,miamidolphins,2019,315,361,64,210,41,113,214,34,71 / 207,81 / 194,13 / 28,8 / 13,4960,6364,1022,4.8,1053,6,1156,2166,349,3.3,485,4.5,4117,4198,371,615,18,6.7,344,545,13,7.7,58,23,23 / 30,31 / 38,34,57,10,22,1,1,15,39,1,2,-10,
0,miamidolphins,2020,345,336,100,207,38,113,193,30,78 / 202,58 / 186,8 / 10,12 / 26,5424,5886,1021,5.3,998,5.9,1688,1862,428,3.9,412,4.5,3937,4024,370,559,13,7,343,545,18,7.4,34,41,36 / 39,17 / 23,40,41,15,24,1,2,17,21,2,1,8,
0,miamidolphins,2021,325,337,87,206,32,106,199,32,95 / 233,95 / 231,12 / 22,11 / 18,5219,5738,1097,4.8,1081,5.3,1568,1867,442,3.6,425,4.4,3936,3871,404,615,14,6.4,373,608,14,6.4,40,48,23 / 31,31 / 37,37,40,12,21,0,5,16,23,0,1,0,
0,miamidolphins,2022,342,336,93,220,29,98,200,38,71 / 196,97 / 233,13 / 24,15 / 31,6197,5743,1009,6.1,1086,5.3,1686,1751,390,4.3,422,4.2,4765,3992,368,584,15,8.2,416,624,8,6.4,35,40,26 / 32,27 / 29,44,45,12,30,0,2,15,27,1,2,-7,
0,vikings,2017,334,260,100,196,38,59,168,33,94 / 216,51 / 202,1 / 7,9 / 23,5710,4415,1055,5.4,956,4.6,1957,1337,501,3.9,364,3.7,3929,3078,357,527,8,7.5,324,555,14,5.6,27,37,32 / 38,27 / 30,41,24,15,25,0,1,10,13,1,0,5,
0,vikings,2018,310,303,66,218,26,107,160,36,73 / 204,58 / 190,9 / 21,9 / 19,5529,4955,1003,5.5,993,5,1493,1815,357,4.2,440,4.1,4298,3140,425,606,10,7.1,315,503,12,6.2,40,50,22 / 32,33 / 36,40,33,9,30,0,3,13,15,0,5,0,
0,vikings,2019,314,324,106,171,37,78,215,31,83 / 194,85 / 214,8 / 15,16 / 29,5656,5465,970,5.8,1053,5.2,2133,1728,476,4.5,404,4.3,3729,3737,319,466,8,8,394,601,17,6.2,28,48,27 / 29,29 / 33,46,31,19,26,0,2,8,23,0,0,11,
0,vikings,2020,383,366,139,212,32,136,208,22,74 / 181,73 / 185,13 / 23,17 / 24,6309,6275,1028,6.1,1031,6.1,2283,2151,468,4.9,472,4.6,4265,4141,349,516,13,8.3,358,541,15,7.6,39,23,15 / 22,35 / 39,55,53,20,35,0,0,19,30,1,3,-1,
0,vikings,2021,332,391,103,202,27,131,224,36,83 / 228,78 / 214,12 / 22,15 / 30,6168,6522,1083,5.7,1152,5.7,1930,2222,449,4.3,475,4.7,4450,4300,398,604,7,7.4,401,626,16,6.9,30,51,33 / 38,34 / 40,48,45,10,34,2,2,15,29,1,0,11,
0,vikings,2022,382,359,93,244,45,113,224,22,93 / 226,82 / 215,9 / 19,11 / 29,6145,6608,1123,5.5,1118,5.9,1661,2093,404,4.1,463,4.5,4818,4515,448,672,15,7.2,408,617,15,7.3,47,38,26 / 33,38 / 44,49,44,18,30,1,1,18,23,1,2,2,
0,patriots,2017,389,325,107,232,50,98,204,23,82 / 202,82 / 208,8 / 13,10 / 23,6307,5856,1070,5.9,1022,5.7,1889,1836,448,4.2,390,4.7,4619,4020,389,587,8,7.9,367,590,12,6.8,35,42,37 / 40,22 / 31,49,33,16,32,1,0,6,24,0,3,5,
0,patriots,2018,365,322,131,206,28,93,208,21,82 / 201,76 / 197,7 / 14,6 / 16,6295,5746,1073,5.9,1002,5.7,2037,1803,478,4.3,367,4.9,4405,3943,378,574,11,7.7,370,605,18,6.5,21,30,27 / 32,25 / 29,50,36,18,29,1,2,7,29,0,0,10,
0,patriots,2019,338,261,110,197,31,72,150,39,87 / 227,47 / 195,6 / 15,8 / 22,5664,4414,1095,5.2,948,4.7,1703,1528,447,3.8,365,4.2,4153,2886,378,620,9,6.7,303,536,25,5.4,28,47,27 / 34,17 / 19,47,25,17,25,0,5,7,13,0,5,21,
0,patriots,2020,332,339,143,157,32,131,187,21,76 / 186,76 / 186,9 / 17,9 / 16,5236,5660,979,5.4,982,5.8,2346,2103,502,4.7,464,4.5,3124,3557,283,440,14,7.1,333,494,18,7.2,37,24,26 / 28,22 / 27,35,41,20,12,1,2,17,22,0,2,3,
0,patriots,2021,362,308,139,187,36,111,176,21,91 / 209,77 / 211,11 / 17,17 / 32,6008,5284,1052,5.7,1038,5.1,2151,2103,489,4.4,464,4.5,4098,3181,364,535,13,7.7,319,538,23,5.9,28,36,36 / 39,22 / 33,51,34,24,24,0,3,9,21,0,4,7,
0,patriots,2022,288,314,98,166,24,90,194,30,75 / 215,97 / 241,5 / 13,10 / 27,5348,5474,1006,5.3,1091,5,1812,1793,425,4.3,441,4.1,3815,3681,358,540,14,7.1,364,596,19,6.2,41,54,32 / 37,24 / 29,37,40,12,19,1,7,7,28,3,2,7,
0,neworleanssaints,2017,332,308,111,201,20,92,172,44,73 / 194,87 / 212,12 / 15,4 / 12,6259,5384,1000,6.3,1002,5.4,2070,1787,444,4.7,406,4.4,4334,3597,386,536,8,8.1,329,554,20,6.5,20,42,31 / 36,26 / 31,50,36,23,23,1,3,11,22,1,2,7,
0,neworleanssaints,2018,377,333,134,210,33,72,224,37,82 / 184,78 / 189,13 / 16,14 / 29,6067,5585,1010,6,978,5.7,2025,1283,471,4.3,356,3.6,4174,4302,381,519,7,8,384,573,12,7.5,20,49,28 / 30,17 / 23,60,43,26,33,0,1,12,30,0,1,8,
0,neworleanssaints,2019,347,311,97,230,20,71,197,43,81 / 192,73 / 210,5 / 13,11 / 25,5982,5329,1011,5.9,999,5.3,1738,1461,405,4.3,345,4.2,4431,3868,418,581,6,7.6,371,603,13,6.4,25,51,32 / 36,22 / 24,51,40,12,36,1,3,12,27,1,0,15,
0,neworleanssaints,2020,367,320,147,199,21,85,185,50,93 / 208,79 / 207,11 / 16,16 / 30,6023,4974,1045,5.8,992,5,2265,1502,494,4.6,390,3.8,3945,3472,370,522,8,7.6,333,557,18,6.2,29,45,23 / 28,22 / 26,59,39,30,28,0,1,11,28,0,0,9,
0,neworleanssaints,2021,307,304,113,165,29,84,185,35,78 / 220,89 / 240,11 / 21,9 / 21,5177,5410,1051,4.9,1064,5.1,1991,1589,510,3.9,426,3.7,3437,3821,293,504,13,6.8,369,592,18,6.4,37,46,25 / 30,31 / 38,43,35,12,29,0,2,12,20,0,3,7,
0,neworleanssaints,2022,305,319,103,181,21,122,159,38,88 / 219,97 / 233,4 / 11,8 / 19,5674,5352,1015,5.6,1076,5,1982,2218,465,4.3,492,4.5,3969,3134,338,512,14,7.8,322,536,7,5.8,38,48,23 / 31,32 / 35,37,36,12,24,0,1,14,17,0,5,-11,
0,giants,2017,271,313,66,178,27,101,189,23,74 / 227,88 / 222,8 / 21,5 / 17,5028,5971,1036,4.8,1052,5.7,1549,1933,394,3.9,464,4.2,3680,4038,373,608,14,6,347,561,13,7.2,34,27,18 / 25,28 / 36,28,44,6,20,0,2,10,32,1,1,-3,
0,giants,2018,297,346,71,208,18,103,205,38,76 / 206,87 / 206,12 / 20,14 / 17,5697,5942,984,5.8,1034,5.8,1650,1898,354,4.7,444,4.3,4405,4044,382,583,12,7.6,362,560,16,7.2,47,30,32 / 33,31 / 35,39,45,13,23,0,3,18,24,0,3,2,
0,giants,2019,311,343,89,187,35,100,211,32,79 / 212,86 / 216,14 / 31,8 / 14,5416,6037,1012,5.4,1061,5.7,1685,1812,362,4.6,469,3.9,4070,4225,376,607,17,6.7,369,556,10,7.6,43,36,12 / 17,25 / 32,43,53,11,30,0,2,19,30,0,4,-17,
0,giants,2020,297,353,91,178,28,115,215,23,72 / 198,91 / 204,14 / 22,11 / 18,4794,5589,966,5,1046,5.3,1768,1782,399,4.4,432,4.1,3336,3807,321,517,11,6.4,388,574,11,6.6,50,40,31 / 32,32 / 36,26,38,13,12,0,2,14,22,1,1,0,
0,giants,2021,299,365,90,171,38,126,216,23,84 / 230,90 / 226,13 / 30,15 / 23,4884,6032,1050,4.6,1137,5.3,1688,2193,419,4,492,4.5,3463,3839,351,593,20,5.8,402,611,15,6.3,38,34,29 / 33,34 / 38,24,45,8,15,0,1,15,27,0,3,-8,
0,giants,2022,352,370,150,170,32,134,200,36,78 / 212,72 / 205,10 / 21,11 / 17,5676,6089,1089,5.2,1078,5.6,2519,2451,520,4.8,469,5.2,3431,3638,346,520,6,6.6,349,568,6,6.4,49,41,29 / 32,37 / 43,39,37,21,17,0,2,16,21,0,0,3,
0,newyorkjets,2017,269,329,77,157,35,88,191,50,81 / 228,82 / 221,7 / 13,5 / 11,4884,5636,984,5,1052,5.4,1702,1887,427,4,466,4,3501,3749,323,510,12,6.9,329,558,11,6.7,47,28,25 / 30,21 / 29,32,46,13,19,0,0,13,30,1,2,-4,
0,newyorkjets,2018,258,343,84,157,17,104,201,38,69 / 214,72 / 213,11 / 22,9 / 14,4787,6086,971,4.9,1061,5.7,1622,2021,410,4,440,4.6,3404,4065,299,524,19,6.5,367,582,13,7,37,39,33 / 36,33 / 39,34,49,11,18,2,3,16,29,0,4,-10,
0,newyorkjets,2019,253,302,61,162,30,75,187,40,65 / 212,88 / 225,7 / 19,3 / 12,4368,5170,956,4.6,1037,5,1257,1391,383,3.3,417,3.3,3443,3779,323,521,16,6.6,363,585,12,6.5,52,35,19 / 28,28 / 34,29,39,6,19,0,4,12,25,0,2,-4,
0,newyorkjets,2020,269,381,94,146,29,100,235,46,70 / 206,90 / 202,7 / 18,5 / 12,4479,6201,948,4.7,1081,5.7,1683,1792,406,4.2,445,4,3115,4409,292,499,14,6.2,418,605,10,7.3,43,31,21 / 28,29 / 35,26,53,9,16,0,1,16,34,0,3,0,
0,newyorkjets,2021,310,401,87,195,28,129,234,38,77 / 212,99 / 223,14 / 29,13 / 21,5208,6760,1036,5,1145,5.9,1667,2351,380,4.4,525,4.5,3959,4409,357,603,20,6.6,401,587,7,7.5,53,33,21 / 27,36 / 39,36,57,14,20,1,1,28,28,0,1,-13,
0,newyorkjets,2022,294,310,79,191,24,117,166,27,83 / 240,93 / 244,11 / 28,11 / 26,5409,5288,1074,5,1093,4.8,1686,2068,405,4.2,492,4.2,4040,3220,357,627,14,6.4,347,556,12,5.8,42,45,30 / 37,33 / 43,29,31,13,15,0,0,14,15,2,0,-7,
0,philadelphiaeagles,2017,338,272,108,193,37,62,177,33,96 / 230,66 / 205,17 / 26,4 / 18,5852,4904,1073,5.4,976,5,2115,1267,473,4.5,337,3.8,3967,3637,341,564,9,7,363,601,19,6,36,38,29 / 34,20 / 26,49,33,9,38,0,5,7,24,0,2,10,
0,philadelphiaeagles,2018,346,308,94,221,31,71,215,22,84 / 205,71 / 201,14 / 23,11 / 19,5845,5859,1037,5.6,1002,5.8,1570,1551,398,3.9,332,4.7,4524,4308,422,599,11,7.6,417,626,10,6.9,40,44,26 / 31,32 / 37,41,37,12,29,0,0,14,22,0,1,-6,
0,philadelphiaeagles,2019,354,289,104,215,35,76,185,28,104 / 229,70 / 205,8 / 24,11 / 18,5772,5307,1104,5.2,967,5.5,1939,1442,454,4.3,353,4.1,4063,3865,391,613,8,6.6,348,571,11,6.8,37,43,22 / 26,23 / 27,44,41,16,27,0,3,13,27,1,0,-3,
0,philadelphiaeagles,2020,336,340,114,177,45,98,209,33,82 / 220,80 / 211,15 / 35,7 / 18,5354,5810,1066,5,1060,5.5,2027,2012,403,5,481,4.2,3728,3798,334,598,20,6.2,364,530,8,7.2,65,49,14 / 19,27 / 32,41,48,16,22,1,2,20,27,0,1,-10,
0,philadelphiaeagles,2021,352,358,163,167,22,115,208,35,101 / 221,93 / 217,11 / 24,14 / 29,6169,5540,1086,5.7,1065,5.2,2715,1834,550,4.9,458,4,3585,3756,307,494,10,7.3,409,589,12,6.4,31,29,30 / 33,21 / 24,47,47,25,20,0,5,18,28,0,1,0,
0,philadelphiaeagles,2022,385,325,161,195,29,115,186,24,102 / 222,86 / 223,22 / 32,15 / 25,6614,5125,1124,5.9,1072,4.8,2509,2068,544,4.6,446,4.6,4364,3057,350,536,9,8.1,350,556,17,5.5,44,70,22 / 25,22 / 25,59,40,32,25,0,2,15,22,0,3,8,
0,steelers,2017,348,270,96,217,35,89,157,24,92 / 209,72 / 199,3 / 8,6 / 19,6047,4910,1051,5.8,940,5.2,1667,1693,437,3.8,385,4.4,4534,3217,384,590,15,7.7,297,499,16,6.4,24,56,35 / 38,20 / 24,43,36,12,29,1,0,14,20,0,2,2,
0,steelers,2018,378,317,88,251,39,84,200,33,88 / 198,72 / 197,9 / 14,7 / 13,6453,5235,1058,6.1,987,5.3,1445,1538,345,4.2,369,4.2,5174,3697,459,689,17,7.5,362,566,8,6.5,24,52,16 / 23,22 / 26,53,42,16,35,0,3,13,27,1,1,-11,
0,steelers,2019,265,304,75,147,43,110,164,30,67 / 195,76 / 209,2 / 15,10 / 21,4428,4866,937,4.7,1030,4.7,1447,1753,395,3.7,462,3.8,3214,3113,315,510,19,6.3,314,514,20,6.1,32,54,29 / 31,25 / 31,27,32,7,18,1,3,7,23,0,2,8,
0,steelers,2020,322,281,81,206,35,94,163,24,97 / 230,83 / 222,10 / 19,5 / 20,5354,4893,1043,5.1,996,4.9,1351,1783,373,3.6,414,4.3,4129,3110,428,656,11,6.3,298,526,18,5.9,14,56,23 / 24,20 / 24,50,36,12,35,0,3,13,22,0,1,9,
0,steelers,2021,323,354,85,204,34,144,186,24,93 / 239,86 / 232,10 / 21,13 / 24,5361,6139,1113,4.8,1116,5.5,1583,2483,411,3.8,498,5,4017,3656,425,664,11,6,355,563,13,6.5,38,55,36 / 40,34 / 38,34,43,10,23,0,0,17,24,0,2,2,
0,steelers,2022,345,314,129,189,27,95,196,23,106 / 236,85 / 216,11 / 15,13 / 21,5484,5617,1109,4.9,1024,5.5,2073,1838,500,4.2,442,4.2,3661,3779,364,571,14,6.4,332,542,20,7,38,40,24 / 34,30 / 34,29,37,16,12,0,1,7,29,0,1,4,
0,49ers,2017,321,343,88,206,27,108,198,37,91 / 234,95 / 221,8 / 18,10 / 12,5587,5625,1058,5.3,1065,5.3,1662,1861,408,4.1,491,3.8,4235,3764,362,607,15,7,344,544,10,6.9,43,30,39 / 41,31 / 35,31,42,15,15,0,1,13,27,1,1,-3,
0,49ers,2018,344,337,98,201,45,104,195,38,73 / 193,87 / 216,5 / 10,10 / 17,5769,5546,1003,5.8,1023,5.4,1902,1814,423,4.5,444,4.1,4247,3732,331,532,20,8,344,542,2,6.9,48,37,33 / 34,24 / 27,35,52,7,26,1,1,13,35,0,4,-25,
0,49ers,2019,336,285,110,195,31,105,150,30,90 / 200,64 / 192,7 / 12,8 / 25,6097,4509,1012,6,968,4.7,2305,1802,498,4.6,401,4.5,4029,2707,331,478,13,8.4,318,519,12,5.2,36,48,30 / 39,17 / 20,54,37,23,28,0,5,11,23,0,3,4,
0,49ers,2020,350,311,101,217,32,102,176,33,77 / 197,71 / 200,6 / 15,13 / 20,5922,5030,1046,5.7,997,5,1889,1703,437,4.3,430,4,4320,3327,371,570,17,7.6,341,537,12,6.2,39,30,22 / 26,33 / 37,45,42,19,25,0,1,12,25,1,4,-11,
0,49ers,2021,361,318,130,200,31,97,180,41,80 / 199,88 / 220,10 / 20,11 / 25,6337,5320,1035,6.1,1043,5.1,2166,1760,499,4.3,439,4,4437,3510,343,514,14,8.6,372,545,9,6.4,33,48,27 / 32,21 / 27,50,43,22,26,0,2,17,25,1,0,-4,
0,49ers,2022,347,291,132,188,27,77,188,26,95 / 211,85 / 218,7 / 17,10 / 25,6216,5110,1047,5.9,1026,5,2360,1321,504,4.7,389,3.4,4049,3789,338,512,9,7.9,389,593,20,6.4,31,44,27 / 32,16 / 21,52,32,20,30,0,3,11,20,0,1,13,
0,seahawks,2017,299,316,85,183,31,90,181,45,79 / 212,85 / 222,5 / 9,7 / 15,5286,5171,1007,5.2,1045,5,1629,1824,409,4,452,4,3979,3347,340,555,12,7.2,325,554,14,6,43,39,21 / 29,31 / 35,42,34,4,34,1,4,14,19,0,1,6,
0,seahawks,2018,329,323,133,156,40,91,201,31,81 / 208,64 / 183,11 / 14,6 / 13,5653,5653,1012,5.6,955,5.9,2560,1811,534,4.8,366,5,3448,3842,280,427,7,8.1,355,546,12,7,51,43,22 / 27,26 / 33,51,38,15,35,0,2,9,26,1,2,15,
0,seahawks,2019,341,346,121,190,30,97,224,25,79 / 200,71 / 185,7 / 14,7 / 12,5991,6106,1046,5.7,1014,6,2200,1883,481,4.6,388,4.8,4110,4223,341,517,6,8,383,598,16,7.1,48,28,23 / 28,25 / 35,48,47,15,31,0,3,22,19,1,5,12,
0,seahawks,2020,356,376,111,216,29,97,253,26,76 / 189,105 / 223,8 / 14,10 / 23,5912,6089,1022,5.8,1112,5.5,1971,1529,411,4.8,392,3.9,4245,4560,388,563,13,7.5,450,674,14,6.8,48,46,24 / 24,29 / 35,55,42,15,40,0,0,18,23,0,1,4,
0,seahawks,2021,302,400,106,166,30,124,240,36,72 / 193,88 / 224,4 / 11,13 / 31,5506,6445,954,5.8,1201,5.4,2074,1932,413,5,509,3.8,3815,4513,324,495,7,7.7,443,658,11,6.9,46,34,17 / 23,27 / 33,49,41,18,30,1,0,16,24,0,1,5,
0,seahawks,2022,346,347,106,206,34,130,188,29,76 / 201,96 / 227,12 / 21,11 / 28,5976,6149,1044,5.7,1117,5.5,2042,2554,425,4.8,525,4.9,4282,3595,399,573,12,7.5,343,547,14,6.6,46,45,34 / 37,26 / 32,44,46,12,30,0,1,21,23,0,2,2,
0,buccaneers,2017,352,327,76,243,33,102,202,23,85 / 196,104 / 216,4 / 8,2 / 9,5816,6049,1034,5.6,1011,6,1450,1880,389,3.7,440,4.3,4607,4169,378,605,14,7.6,371,549,13,7.6,40,22,25 / 34,26 / 30,35,43,8,26,0,2,17,22,2,2,-1,
0,buccaneers,2018,388,356,80,265,43,122,209,25,86 / 187,73 / 181,9 / 13,7 / 14,6648,6134,1055,6.3,998,6.2,1523,1983,389,3.9,426,4.6,5358,4151,408,625,26,8.6,387,534,9,7.8,41,38,20 / 27,21 / 23,48,57,11,36,0,1,19,34,0,4,-18,
0,buccaneers,2019,353,331,81,244,28,70,222,39,90 / 217,75 / 218,9 / 17,13 / 27,6366,5503,1086,5.9,1073,5.1,1521,1181,409,3.7,362,3.3,5127,4322,382,630,30,8.1,408,664,12,6.5,47,47,27 / 35,37 / 43,50,48,15,33,0,6,11,30,0,7,-13,
0,buccaneers,2020,364,319,82,238,44,78,215,26,83 / 191,82 / 205,8 / 14,14 / 25,6145,5234,1017,6,1023,5.1,1519,1289,369,4.1,358,3.6,4776,3945,410,626,12,7.6,426,617,15,6.4,22,48,28 / 31,21 / 26,59,42,16,42,0,1,10,29,1,2,8,
0,buccaneers,2021,404,344,106,273,25,94,214,36,105 / 223,87 / 226,9 / 16,13 / 28,6901,5635,1139,6.1,1093,5.2,1672,1573,385,4.3,366,4.3,5383,4062,492,731,12,7.4,445,680,17,6,23,47,25 / 31,27 / 31,63,39,18,43,0,2,11,26,0,2,10,
0,buccaneers,2022,346,314,79,240,27,103,186,25,92 / 246,87 / 236,15 / 27,14 / 24,5894,5513,1159,5.1,1073,5.1,1308,2052,386,3.4,458,4.5,4746,3461,499,751,10,6.3,364,570,10,6.1,22,45,31 / 38,24 / 27,32,41,5,26,0,1,12,29,0,0,-2,
0,tennesseetitans,2017,290,323,97,157,36,68,231,24,71 / 202,78 / 214,5 / 10,10 / 16,5024,5248,974,5.2,1046,5,1833,1420,443,4.1,398,3.6,3394,3828,306,496,17,6.8,369,605,12,6.3,35,43,35 / 42,37 / 41,32,36,18,14,0,1,5,27,0,4,-4,
0,tennesseetitans,2018,289,298,106,156,27,98,182,18,82 / 205,75 / 205,7 / 12,11 / 20,4998,5334,938,5.3,1001,5.3,2023,1863,454,4.5,429,4.3,3255,3471,293,437,12,7.4,337,533,11,6.5,47,39,26 / 30,26 / 29,34,32,15,16,1,2,9,21,1,1,-1,
0,tennesseetitans,2019,317,335,104,177,36,95,213,27,70 / 185,74 / 204,4 / 14,10 / 25,5805,5752,949,6.1,1056,5.4,2223,1672,445,5,415,4,3956,4080,297,448,8,8.8,386,598,14,6.8,56,43,8 / 18,21 / 27,52,39,21,29,0,3,14,25,0,0,6,
0,tennesseetitans,2020,381,391,142,203,36,113,247,31,84 / 182,111 / 214,10 / 16,15 / 26,6343,6372,1031,6.2,1076,5.9,2690,1933,521,5.2,427,4.5,3826,4439,316,485,7,7.9,423,630,15,7,25,19,20 / 28,21 / 23,61,54,26,33,1,1,18,36,0,0,11,
0,tennesseetitans,2021,362,331,134,194,34,90,204,37,103 / 236,77 / 210,15 / 24,14 / 24,5822,5607,1133,5.1,1039,5.4,2404,1438,551,4.4,368,3.9,3745,4169,359,535,14,7,395,628,16,6.6,47,43,26 / 32,31 / 38,48,38,23,22,0,3,14,24,0,0,-3,
0,tennesseetitans,2022,277,339,104,153,20,93,215,31,80 / 219,77 / 225,9 / 17,19 / 26,5045,5978,992,5.1,1100,5.4,2131,1307,487,4.4,390,3.4,3227,4671,285,456,11,7.1,439,671,14,7,49,39,20 / 24,25 / 27,34,41,16,16,0,1,9,29,0,3,-3,
0,commanders,2017,278,307,66,191,21,105,171,31,66 / 204,83 / 226,9 / 16,9 / 15,5199,5566,982,5.3,1045,5.3,1448,2146,401,3.6,472,4.6,4093,3420,347,540,13,7.6,306,531,16,6.4,41,42,24 / 28,34 / 41,39,41,10,27,0,2,13,23,1,4,-4,
0,commanders,2018,280,330,96,156,28,109,197,24,75 / 206,86 / 196,10 / 18,5 / 13,4795,5654,967,5,996,5.7,1774,1860,414,4.3,413,4.5,3287,3794,311,509,15,6.5,362,537,15,7.1,44,46,26 / 29,21 / 26,28,43,12,16,0,1,12,27,1,3,7,
0,commanders,2019,248,354,74,154,20,120,200,34,52 / 179,111 / 227,6 / 14,12 / 19,4395,6162,885,5,1079,5.7,1583,2339,356,4.4,493,4.7,3205,3823,298,479,13,6.7,371,540,13,7.1,50,46,25 / 30,25 / 30,28,52,9,18,1,0,14,35,0,3,1,
0,commanders,2020,322,289,108,184,30,100,161,28,88 / 225,81 / 216,11 / 19,9 / 24,5076,4873,1051,4.8,1004,4.8,1611,1805,400,4,428,4.2,3796,3068,389,601,16,6.3,330,529,16,5.8,50,47,27 / 34,24 / 27,36,37,18,16,0,3,14,21,0,2,-4,
0,commanders,2021,345,346,129,181,35,101,220,25,87 / 224,111 / 229,16 / 32,12 / 20,5502,6108,1070,5.1,1065,5.7,2061,1775,477,4.3,430,4.1,3746,4333,356,550,15,6.8,400,597,11,7.3,43,38,28 / 33,27 / 29,37,50,13,21,1,2,14,34,0,2,-6,
0,commanders,2022,339,286,124,184,31,102,155,29,81 / 230,67 / 210,12 / 25,12 / 25,5615,5178,1140,4.9,998,5.2,2143,1926,538,4,441,4.4,3783,3252,344,554,16,6.8,308,514,9,6.3,48,43,25 / 30,26 / 29,35,38,9,24,0,3,10,26,0,2,-5,
